ID,First Name,Last Name,Position,Team,Opponent,Game,Time,Salary,FPPG,Injury Status,Starting
nba.p.4245,Al,Horford,PF,BOS,IND,BOS@IND,7:00PM EDT,21,22.6," "," "
nba.p.4622,Jrue,Holiday,PG,BOS,IND,BOS@IND,7:00PM EDT,26,21.7," "," "
nba.p.5464,Kristaps,Porzingis,C,BOS,IND,BOS@IND,7:00PM EDT,34,36.8,INJ," "
nba.p.5602,Jaylen,Brown,SF,BOS,IND,BOS@IND,7:00PM EDT,37,42.4," "," "
nba.p.5765,Jayson,Tatum,PF,BOS,IND,BOS@IND,7:00PM EDT,51,50.1," "," "
nba.p.5842,Derrick,White,SG,BOS,IND,BOS@IND,7:00PM EDT,30,34.9," "," "
nba.p.5903,Luke,Kornet,C,BOS,IND,BOS@IND,7:00PM EDT,10,11.1," "," "
nba.p.6418,Payton,Pritchard,PG,BOS,IND,BOS@IND,7:00PM EDT,17,24.7," "," "
nba.p.6427,Xavier,Tillman Sr.,C,BOS,IND,BOS@IND,7:00PM EDT,15,9.7," "," "
nba.p.6570,Jaden,Springer,PG,BOS,IND,BOS@IND,7:00PM EDT,10,2.6," "," "
nba.p.6581,Neemias,Queta,C,BOS,IND,BOS@IND,7:00PM EDT,11,6.5," "," "
nba.p.6619,Sam,Hauser,SF,BOS,IND,BOS@IND,7:00PM EDT,16,17.5,GTD," "
nba.p.6743,JD,Davison,PG,BOS,IND,BOS@IND,7:00PM EDT,10,-0.3," "," "
nba.p.10075,Jordan,Walsh,SF,BOS,IND,BOS@IND,7:00PM EDT,10,3.4," "," "
nba.p.10206,Drew,Peterson,PF,BOS,IND,BOS@IND,7:00PM EDT,10,4.6," "," "
nba.p.10277,Baylor,Scheierman,SG,BOS,IND,BOS@IND,7:00PM EDT,11,2.6," "," "
nba.p.10321,Anton,Watson,PF,BOS,IND,BOS@IND,7:00PM EDT,10,0.0," "," "
nba.p.4621,James,Johnson,PF,IND,BOS,BOS@IND,7:00PM EDT,10,5.5," "," "
nba.p.5471,Myles,Turner,C,IND,BOS,BOS@IND,7:00PM EDT,27,30.9,GTD," "
nba.p.5582,T.J.,McConnell,PG,IND,BOS,BOS@IND,7:00PM EDT,20,16.2," "," "
nba.p.5658,Pascal,Siakam,PF,IND,BOS,BOS@IND,7:00PM EDT,37,37.0," "," "
nba.p.6356,James,Wiseman,C,IND,BOS,BOS@IND,7:00PM EDT,13,7.2,INJ," "
nba.p.6400,Obi,Toppin,PF,IND,BOS,BOS@IND,7:00PM EDT,13,17.0," "," "
nba.p.6404,Tyrese,Haliburton,PG,IND,BOS,BOS@IND,7:00PM EDT,45,31.6," "," "
nba.p.6406,Aaron,Nesmith,PF,IND,BOS,BOS@IND,7:00PM EDT,18,16.0," "," "
nba.p.6564,Isaiah,Jackson,C,IND,BOS,BOS@IND,7:00PM EDT,11,19.0," "," "
nba.p.6696,Bennedict,Mathurin,SF,IND,BOS,BOS@IND,7:00PM EDT,20,16.6," "," "
nba.p.6721,Andrew,Nembhard,SG,IND,BOS,BOS@IND,7:00PM EDT,10,21.0," "," "
nba.p.6776,Quenton,Jackson,PG,IND,BOS,BOS@IND,7:00PM EDT,10,9.2," "," "
nba.p.10103,Jarace,Walker,PF,IND,BOS,BOS@IND,7:00PM EDT,10,9.6," "," "
nba.p.10113,Ben,Sheppard,SG,IND,BOS,BOS@IND,7:00PM EDT,10,7.5," "," "
nba.p.10305,Johnny,Furphy,SG,IND,BOS,BOS@IND,7:00PM EDT,10,0.0,GTD," "
nba.p.10318,Tristen,Newton,PG,IND,BOS,BOS@IND,7:00PM EDT,10,0.0," "," "
nba.p.10324,Enrique,Freeman,PF,IND,BOS,BOS@IND,7:00PM EDT,10,3.6," "," "
nba.p.4682,Garrett,Temple,SG,TOR,CHA,TOR@CHA,7:00PM EDT,10,4.0," "," "
nba.p.5164,Kelly,Olynyk,C,TOR,CHA,TOR@CHA,7:00PM EDT,22,24.8,INJ," "
nba.p.5640,Jakob,Poeltl,C,TOR,CHA,TOR@CHA,7:00PM EDT,25,32.4," "," "
nba.p.5894,Chris,Boucher,PF,TOR,CHA,TOR@CHA,7:00PM EDT,10,19.6," "," "
nba.p.6053,Bruce,Brown,SF,TOR,CHA,TOR@CHA,7:00PM EDT,19,22.3,INJ," "
nba.p.6165,RJ,Barrett,SF,TOR,CHA,TOR@CHA,7:00PM EDT,32,28.5," "," "
nba.p.6222,Bruno,Fernando,C,TOR,CHA,TOR@CHA,7:00PM EDT,10,14.1," "," "
nba.p.6417,Immanuel,Quickley,PG,TOR,CHA,TOR@CHA,7:00PM EDT,32,22.4,INJ," "
nba.p.6515,Scottie,Barnes,SF,TOR,CHA,TOR@CHA,7:00PM EDT,43,41.0,INJ," "
nba.p.6551,Davion,Mitchell,PG,TOR,CHA,TOR@CHA,7:00PM EDT,10,18.4," "," "
nba.p.6625,D.J.,Carton,PG,TOR,CHA,TOR@CHA,7:00PM EDT,10,4.8," "," "
nba.p.6704,Ochai,Agbaji,SF,TOR,CHA,TOR@CHA,7:00PM EDT,10,25.4," "," "
nba.p.10101,Gradey,Dick,SG,TOR,CHA,TOR@CHA,7:00PM EDT,19,23.1," "," "
nba.p.10278,Ja'Kobe,Walter,SG,TOR,CHA,TOR@CHA,7:00PM EDT,10,0.0,INJ," "
nba.p.10325,Ulrich,Chomche,C,TOR,CHA,TOR@CHA,7:00PM EDT,10,3.2," "," "
nba.p.10330,Jonathan,Mogbo,PF,TOR,CHA,TOR@CHA,7:00PM EDT,17,18.9," "," "
nba.p.10333,Jamal,Shead,PG,TOR,CHA,TOR@CHA,7:00PM EDT,16,16.3," "," "
nba.p.10391,Jamison,Battle,SF,TOR,CHA,TOR@CHA,7:00PM EDT,14,14.5," "," "
nba.p.4631,Taj,Gibson,C,CHA,TOR,TOR@CHA,7:00PM EDT,10,6.0," "," "
nba.p.5245,Seth,Curry,SG,CHA,TOR,TOR@CHA,7:00PM EDT,12,20.9," "," "
nba.p.5363,Vasilije,Micic,PG,CHA,TOR,TOR@CHA,7:00PM EDT,17,7.9,GTD," "
nba.p.6023,Miles,Bridges,PF,CHA,TOR,TOR@CHA,7:00PM EDT,36,30.9," "," "
nba.p.6210,Grant,Williams,PF,CHA,TOR,TOR@CHA,7:00PM EDT,18,18.3," "," "
nba.p.6224,Cody,Martin,SG,CHA,TOR,TOR@CHA,7:00PM EDT,14,17.7," "," "
nba.p.6276,DaQuan,Jeffries,SG,CHA,TOR,TOR@CHA,7:00PM EDT,10,2.1,INJ," "
nba.p.6395,LaMelo,Ball,PG,CHA,TOR,TOR@CHA,7:00PM EDT,44,50.4," "," "
nba.p.6410,Josh,Green,SF,CHA,TOR,TOR@CHA,7:00PM EDT,12,17.6," "," "
nba.p.6434,Nick,Richards,C,CHA,TOR,TOR@CHA,7:00PM EDT,20,30.5," "," "
nba.p.6560,Tre,Mann,PG,CHA,TOR,TOR@CHA,7:00PM EDT,19,29.1," "," "
nba.p.6705,Mark,Williams,C,CHA,TOR,TOR@CHA,7:00PM EDT,24,30.9,INJ," "
nba.p.6733,Moussa,Diabate,PF,CHA,TOR,TOR@CHA,7:00PM EDT,10,10.1," "," "
nba.p.6803,Jared,Rhoden,PF,CHA,TOR,TOR@CHA,7:00PM EDT,11,10.9," "," "
nba.p.10104,Brandon,Miller,SF,CHA,TOR,TOR@CHA,7:00PM EDT,30,10.7,INJ," "
nba.p.10120,Nick,Smith Jr.,SG,CHA,TOR,TOR@CHA,7:00PM EDT,10,9.6," "," "
nba.p.10295,Tidjane,Salaun,SF,CHA,TOR,TOR@CHA,7:00PM EDT,14,3.2," "," "
nba.p.10323,KJ,Simpson,PG,CHA,TOR,TOR@CHA,7:00PM EDT,10,0.0," "," "
nba.p.5155,Cody,Zeller,C,ATL,WAS,ATL@WAS,7:00PM EDT,10,7.0,INJ," "
nba.p.5336,Clint,Capela,C,ATL,WAS,ATL@WAS,7:00PM EDT,27,24.6," "," "
nba.p.5338,Bogdan,Bogdanovic,SG,ATL,WAS,ATL@WAS,7:00PM EDT,25,17.4,INJ," "
nba.p.5487,Larry,Nance Jr.,C,ATL,WAS,ATL@WAS,7:00PM EDT,10,32.6," "," "
nba.p.6016,Trae,Young,PG,ATL,WAS,ATL@WAS,7:00PM EDT,41,48.7," "," "
nba.p.6166,De'Andre,Hunter,SF,ATL,WAS,ATL@WAS,7:00PM EDT,20,33.3,GTD," "
nba.p.6259,Garrison,Mathews,SG,ATL,WAS,ATL@WAS,7:00PM EDT,10,16.2," "," "
nba.p.6398,Onyeka,Okongwu,C,ATL,WAS,ATL@WAS,7:00PM EDT,21,30.8," "," "
nba.p.6429,Vit,Krejci,SG,ATL,WAS,ATL@WAS,7:00PM EDT,10,9.5,INJ," "
nba.p.6562,Jalen,Johnson,PF,ATL,WAS,ATL@WAS,7:00PM EDT,34,37.6," "," "
nba.p.6698,Dyson,Daniels,SF,ATL,WAS,ATL@WAS,7:00PM EDT,14,31.7,O," "
nba.p.6713,David,Roddy,SF,ATL,WAS,ATL@WAS,7:00PM EDT,11,22.8," "," "
nba.p.6791,Dominick,Barlow,PF,ATL,WAS,ATL@WAS,7:00PM EDT,10,12.2,INJ," "
nba.p.10053,Keaton,Wallace,PG,ATL,WAS,ATL@WAS,7:00PM EDT,10,1.6," "," "
nba.p.10069,Mouhamed,Gueye,C,ATL,WAS,ATL@WAS,7:00PM EDT,10,2.0," "," "
nba.p.10073,Seth,Lundy,SG,ATL,WAS,ATL@WAS,7:00PM EDT,10,2.4,INJ," "
nba.p.10105,Kobe,Bufkin,PG,ATL,WAS,ATL@WAS,7:00PM EDT,10,11.0,INJ," "
nba.p.10296,Zaccharie,Risacher,SF,ATL,WAS,ATL@WAS,7:00PM EDT,20,16.2," "," "
nba.p.4886,Jonas,Valanciunas,C,WAS,ATL,ATL@WAS,7:00PM EDT,27,22.1," "," "
nba.p.5497,Richaun,Holmes,C,WAS,ATL,ATL@WAS,7:00PM EDT,13,13.0," "," "
nba.p.5667,Malcolm,Brogdon,PG,WAS,ATL,ATL@WAS,7:00PM EDT,26,29.7,INJ," "
nba.p.5840,Kyle,Kuzma,PF,WAS,ATL,ATL@WAS,7:00PM EDT,34,30.6,O," "
nba.p.5959,Marvin,Bagley III,C,WAS,ATL,ATL@WAS,7:00PM EDT,19,12.4," "," "
nba.p.6216,Jordan,Poole,SG,WAS,ATL,ATL@WAS,7:00PM EDT,27,38.0," "," "
nba.p.6411,Saddiq,Bey,PF,WAS,ATL,ATL@WAS,7:00PM EDT,19,25.8,INJ," "
nba.p.6471,Anthony,Gill,SF,WAS,ATL,ATL@WAS,7:00PM EDT,10,5.5," "," "
nba.p.6557,Corey,Kispert,SG,WAS,ATL,ATL@WAS,7:00PM EDT,18,19.3," "," "
nba.p.6582,Jared,Butler,PG,WAS,ATL,ATL@WAS,7:00PM EDT,10,15.8," "," "
nba.p.6632,Justin,Champagnie,SF,WAS,ATL,ATL@WAS,7:00PM EDT,13,3.9," "," "
nba.p.6700,Johnny,Davis,SG,WAS,ATL,ATL@WAS,7:00PM EDT,10,2.4," "," "
nba.p.6718,Patrick,Baldwin Jr.,PF,WAS,ATL,ATL@WAS,7:00PM EDT,15,9.2," "," "
nba.p.10078,Tristan,Vukcevic,C,WAS,ATL,ATL@WAS,7:00PM EDT,17,17.4," "," "
nba.p.10099,Bilal,Coulibaly,SF,WAS,ATL,ATL@WAS,7:00PM EDT,18,26.9," "," "
nba.p.10272,Kyshawn,George,SF,WAS,ATL,ATL@WAS,7:00PM EDT,15,15.1," "," "
nba.p.10273,Carlton,Carrington,PG,WAS,ATL,ATL@WAS,7:00PM EDT,15,17.2," "," "
nba.p.10294,Alex,Sarr,C,WAS,ATL,ATL@WAS,7:00PM EDT,19,24.2," "," "
nba.p.4901,Tobias,Harris,SF,DET,PHI,DET@PHI,7:00PM EDT,30,25.3," "," "
nba.p.5194,Tim,Hardaway Jr.,SG,DET,PHI,DET@PHI,7:00PM EDT,19,16.9," "," "
nba.p.5650,Malik,Beasley,SG,DET,PHI,DET@PHI,7:00PM EDT,14,16.4," "," "
nba.p.6408,Isaiah,Stewart,PF,DET,PHI,DET@PHI,7:00PM EDT,15,15.1," "," "
nba.p.6450,Paul,Reed,C,DET,PHI,DET@PHI,7:00PM EDT,17,0.7," "," "
nba.p.6512,Cade,Cunningham,PG,DET,PHI,DET@PHI,7:00PM EDT,36,45.7," "," "
nba.p.6695,Jaden,Ivey,SG,DET,PHI,DET@PHI,7:00PM EDT,27,33.1," "," "
nba.p.6703,Jalen,Duren,C,DET,PHI,DET@PHI,7:00PM EDT,30,31.6," "," "
nba.p.6716,Wendell,Moore Jr.,PG,DET,PHI,DET@PHI,7:00PM EDT,10,0.0," "," "
nba.p.6749,Alondes,Williams,PG,DET,PHI,DET@PHI,7:00PM EDT,10,1.0," "," "
nba.p.6766,Simone,Fontecchio,PF,DET,PHI,DET@PHI,7:00PM EDT,13,8.5," "," "
nba.p.6799,Cole,Swider,C,DET,PHI,DET@PHI,7:00PM EDT,10,3.1," "," "
nba.p.10096,Ausar,Thompson,SF,DET,PHI,DET@PHI,7:00PM EDT,18,24.0,INJ," "
nba.p.10114,Marcus,Sasser,SG,DET,PHI,DET@PHI,7:00PM EDT,10,3.7," "," "
nba.p.10263,Ron,Holland II,SF,DET,PHI,DET@PHI,7:00PM EDT,11,11.6," "," "
nba.p.10316,Daniss,Jenkins,PG,DET,PHI,DET@PHI,7:00PM EDT,10,0.0," "," "
nba.p.10331,Bobi,Klintman,PF,DET,PHI,DET@PHI,7:00PM EDT,10,0.0,INJ," "
nba.p.4152,Kyle,Lowry,PG,PHI,DET,DET@PHI,7:00PM EDT,16,21.7," "," "
nba.p.4469,Eric,Gordon,PG,PHI,DET,DET@PHI,7:00PM EDT,15,12.2," "," "
nba.p.4725,Paul,George,SG,PHI,DET,DET@PHI,7:00PM EDT,34,38.2,INJ," "
nba.p.4906,Reggie,Jackson,PG,PHI,DET,DET@PHI,7:00PM EDT,15,-1.0," "," "
nba.p.5015,Andre,Drummond,C,PHI,DET,DET@PHI,7:00PM EDT,26,32.8," "," "
nba.p.5294,Joel,Embiid,C,PHI,DET,DET@PHI,7:00PM EDT,54,60.5,INJ," "
nba.p.5475,Kelly,Oubre Jr.,PF,PHI,DET,DET@PHI,7:00PM EDT,25,29.0," "," "
nba.p.5647,Guerschon,Yabusele,SF,PHI,DET,DET@PHI,7:00PM EDT,10,18.6," "," "
nba.p.6275,Caleb,Martin,SF,PHI,DET,DET@PHI,7:00PM EDT,21,27.1," "," "
nba.p.6413,Tyrese,Maxey,PG,PHI,DET,DET@PHI,7:00PM EDT,43,45.3," "," "
nba.p.6444,KJ,Martin,SF,PHI,DET,DET@PHI,7:00PM EDT,10,13.7," "," "
nba.p.6636,Jeff,Dowtin Jr.,PG,PHI,DET,DET@PHI,7:00PM EDT,10,0.0," "," "
nba.p.6750,Lester,Quinones,SG,PHI,DET,DET@PHI,7:00PM EDT,10,2.7," "," "
nba.p.10125,Ricky,Council IV,SG,PHI,DET,DET@PHI,7:00PM EDT,10,3.6," "," "
nba.p.10276,Jared,McCain,SG,PHI,DET,DET@PHI,7:00PM EDT,14,5.3," "," "
nba.p.10310,Justin,Edwards,SF,PHI,DET,DET@PHI,7:00PM EDT,10,0.0," "," "
nba.p.10335,Adem,Bona,C,PHI,DET,DET@PHI,7:00PM EDT,10,1.6," "," "
nba.p.3704,LeBron,James,SF,LAL,CLE,LAL@CLE,7:00PM EDT,49,39.9," "," "
nba.p.5007,Anthony,Davis,C,LAL,CLE,LAL@CLE,7:00PM EDT,54,62.3," "," "
nba.p.5433,D'Angelo,Russell,PG,LAL,CLE,LAL@CLE,7:00PM EDT,30,24.8,GTD," "
nba.p.5583,Christian,Wood,C,LAL,CLE,LAL@CLE,7:00PM EDT,13,16.4,INJ," "
nba.p.6052,Jarred,Vanderbilt,PF,LAL,CLE,LAL@CLE,7:00PM EDT,15,16.0,INJ," "
nba.p.6170,Jaxson,Hayes,PF,LAL,CLE,LAL@CLE,7:00PM EDT,12,12.9," "," "
nba.p.6171,Rui,Hachimura,PF,LAL,CLE,LAL@CLE,7:00PM EDT,20,33.0," "," "
nba.p.6172,Cam,Reddish,SG,LAL,CLE,LAL@CLE,7:00PM EDT,12,12.6," "," "
nba.p.6353,Gabe,Vincent,PG,LAL,CLE,LAL@CLE,7:00PM EDT,13,7.4," "," "
nba.p.6606,Austin,Reaves,SG,LAL,CLE,LAL@CLE,7:00PM EDT,27,38.8,GTD," "
nba.p.6723,Christian,Koloko,C,LAL,CLE,LAL@CLE,7:00PM EDT,10,0.0,INJ," "
nba.p.6725,Max,Christie,SG,LAL,CLE,LAL@CLE,7:00PM EDT,10,9.2," "," "
nba.p.10079,Maxwell,Lewis,PF,LAL,CLE,LAL@CLE,7:00PM EDT,10,0.7," "," "
nba.p.10109,Jalen,Hood-Schifino,PG,LAL,CLE,LAL@CLE,7:00PM EDT,10,3.2," "," "
nba.p.10291,Dalton,Knecht,SF,LAL,CLE,LAL@CLE,7:00PM EDT,13,9.5," "," "
nba.p.10334,Armel,Traore,PF,LAL,CLE,LAL@CLE,7:00PM EDT,10,0.0," "," "
nba.p.10339,Bronny,James,PG,LAL,CLE,LAL@CLE,7:00PM EDT,10,1.2," "," "
nba.p.10361,Quincy,Olivari,PG,LAL,CLE,LAL@CLE,7:00PM EDT,10,0.0," "," "
nba.p.4884,Tristan,Thompson,C,CLE,LAL,LAL@CLE,7:00PM EDT,10,1.7," "," "
nba.p.5651,Caris,LeVert,SG,CLE,LAL,LAL@CLE,7:00PM EDT,26,23.5," "," "
nba.p.5681,Georges,Niang,PF,CLE,LAL,LAL@CLE,7:00PM EDT,10,12.0," "," "
nba.p.5826,Donovan,Mitchell,SG,CLE,LAL,LAL@CLE,7:00PM EDT,45,36.2," "," "
nba.p.5835,Jarrett,Allen,C,CLE,LAL,LAL@CLE,7:00PM EDT,33,37.8," "," "
nba.p.6167,Darius,Garland,PG,CLE,LAL,LAL@CLE,7:00PM EDT,30,31.4," "," "
nba.p.6212,Ty,Jerome,PG,CLE,LAL,LAL@CLE,7:00PM EDT,10,20.7," "," "
nba.p.6256,Dean,Wade,C,CLE,LAL,LAL@CLE,7:00PM EDT,10,19.4," "," "
nba.p.6267,Max,Strus,SF,CLE,LAL,LAL@CLE,7:00PM EDT,22,25.7,INJ," "
nba.p.6397,Isaac,Okoro,SF,CLE,LAL,LAL@CLE,7:00PM EDT,15,11.8," "," "
nba.p.6452,Sam,Merrill,SG,CLE,LAL,LAL@CLE,7:00PM EDT,11,11.8," "," "
nba.p.6514,Evan,Mobley,PF,CLE,LAL,LAL@CLE,7:00PM EDT,36,42.7," "," "
nba.p.6579,JT,Thor,PF,CLE,LAL,LAL@CLE,7:00PM EDT,10,8.2," "," "
nba.p.6746,Luke,Travers,SF,CLE,LAL,LAL@CLE,7:00PM EDT,10,0.0," "," "
nba.p.10066,Emoni,Bates,PG,CLE,LAL,LAL@CLE,7:00PM EDT,10,4.9,INJ," "
nba.p.10145,Craig,Porter Jr.,PG,CLE,LAL,LAL@CLE,7:00PM EDT,10,5.1,O," "
nba.p.10279,Jaylon,Tyson,SF,CLE,LAL,LAL@CLE,7:00PM EDT,10,3.0," "," "
nba.p.5432,Karl-Anthony,Towns,PF,NY,MIA,NY@MIA,7:30PM EDT,35,34.1," "," "
nba.p.5474,Cameron,Payne,PG,NY,MIA,NY@MIA,7:30PM EDT,14,16.5," "," "
nba.p.5836,OG,Anunoby,SG,NY,MIA,NY@MIA,7:30PM EDT,24,22.4," "," "
nba.p.5843,Josh,Hart,SF,NY,MIA,NY@MIA,7:30PM EDT,26,31.8,GTD," "
nba.p.6021,Mikal,Bridges,SF,NY,MIA,NY@MIA,7:30PM EDT,32,29.1," "," "
nba.p.6044,Jalen,Brunson,PG,NY,MIA,NY@MIA,7:30PM EDT,45,31.6," "," "
nba.p.6047,Mitchell,Robinson,C,NY,MIA,NY@MIA,7:30PM EDT,19,22.0,INJ," "
nba.p.6412,Precious,Achiuwa,C,NY,MIA,NY@MIA,7:30PM EDT,18,20.5,INJ," "
nba.p.6578,Miles,McBride,PG,NY,MIA,NY@MIA,7:30PM EDT,13,19.3," "," "
nba.p.6600,Jericho,Sims,PF,NY,MIA,NY@MIA,7:30PM EDT,11,9.0," "," "
nba.p.10129,Jacob,Toppin,SF,NY,MIA,NY@MIA,7:30PM EDT,10,0.0," "," "
nba.p.10297,Pacome,Dadiet,SG,NY,MIA,NY@MIA,7:30PM EDT,10,2.2," "," "
nba.p.10303,Kevin,McCullar Jr.,SG,NY,MIA,NY@MIA,7:30PM EDT,10,0.0,INJ," "
nba.p.10314,Tyler,Kolek,PG,NY,MIA,NY@MIA,7:30PM EDT,10,2.0," "," "
nba.p.10317,Ariel,Hukporti,C,NY,MIA,NY@MIA,7:30PM EDT,10,6.1," "," "
nba.p.4391,Kevin,Love,C,MIA,NY,NY@MIA,7:30PM EDT,15,18.9,INJ," "
nba.p.4893,Alec,Burks,SF,MIA,NY,NY@MIA,7:30PM EDT,16,9.3," "," "
nba.p.4912,Jimmy,Butler,SF,MIA,NY,NY@MIA,7:30PM EDT,40,42.1," "," "
nba.p.5476,Terry,Rozier,SG,MIA,NY,NY@MIA,7:30PM EDT,36,31.9," "," "
nba.p.5500,Josh,Richardson,PG,MIA,NY,NY@MIA,7:30PM EDT,11,18.7,INJ," "
nba.p.5827,Bam,Adebayo,C,MIA,NY,NY@MIA,7:30PM EDT,40,32.7," "," "
nba.p.5855,Thomas,Bryant,C,MIA,NY,NY@MIA,7:30PM EDT,10,12.7," "," "
nba.p.6073,Duncan,Robinson,SG,MIA,NY,NY@MIA,7:30PM EDT,18,8.8," "," "
nba.p.6155,Haywood,Highsmith,PF,MIA,NY,NY@MIA,7:30PM EDT,13,21.2," "," "
nba.p.6175,Tyler,Herro,SG,MIA,NY,NY@MIA,7:30PM EDT,32,31.9," "," "
nba.p.6566,Josh,Christopher,SG,MIA,NY,NY@MIA,7:30PM EDT,10,0.0," "," "
nba.p.6652,Dru,Smith,PG,MIA,NY,NY@MIA,7:30PM EDT,10,3.7," "," "
nba.p.6717,Nikola,Jovic,PF,MIA,NY,NY@MIA,7:30PM EDT,14,22.2," "," "
nba.p.10092,Jaime,Jaquez Jr.,PF,MIA,NY,NY@MIA,7:30PM EDT,22,23.5," "," "
nba.p.10274,Kel'el,Ware,C,MIA,NY,NY@MIA,7:30PM EDT,10,0.2," "," "
nba.p.10311,Keshad,Johnson,PF,MIA,NY,NY@MIA,7:30PM EDT,10,0.0," "," "
nba.p.10312,Pelle,Larsson,SF,MIA,NY,NY@MIA,7:30PM EDT,10,5.0," "," "
nba.p.4911,Cory,Joseph,PG,ORL,CHI,ORL@CHI,8:00PM EDT,10,2.2," "," "
nba.p.5159,Kentavious,Caldwell-Pope,SG,ORL,CHI,ORL@CHI,8:00PM EDT,20,15.7," "," "
nba.p.5330,Gary,Harris,SG,ORL,CHI,ORL@CHI,8:00PM EDT,10,11.6," "," "
nba.p.5768,Jonathan,Isaac,PF,ORL,CHI,ORL@CHI,8:00PM EDT,18,15.6,INJ," "
nba.p.6018,Wendell,Carter Jr.,C,ORL,CHI,ORL@CHI,8:00PM EDT,21,28.1," "," "
nba.p.6036,Moritz,Wagner,C,ORL,CHI,ORL@CHI,8:00PM EDT,19,18.7," "," "
nba.p.6206,Goga,Bitadze,C,ORL,CHI,ORL@CHI,8:00PM EDT,13,4.5,GTD," "
nba.p.6407,Cole,Anthony,PG,ORL,CHI,ORL@CHI,8:00PM EDT,18,10.6," "," "
nba.p.6500,Trevelin,Queen,SG,ORL,CHI,ORL@CHI,8:00PM EDT,10,-1.0," "," "
nba.p.6516,Jalen,Suggs,SG,ORL,CHI,ORL@CHI,8:00PM EDT,20,32.8," "," "
nba.p.6550,Franz,Wagner,SF,ORL,CHI,ORL@CHI,8:00PM EDT,35,33.8," "," "
nba.p.6628,Mac,McClung,PG,ORL,CHI,ORL@CHI,8:00PM EDT,10,4.2," "," "
nba.p.6691,Paolo,Banchero,PF,ORL,CHI,ORL@CHI,8:00PM EDT,41,52.1," "," "
nba.p.6722,Caleb,Houstan,SF,ORL,CHI,ORL@CHI,8:00PM EDT,10,3.6," "," "
nba.p.10095,Anthony,Black,PG,ORL,CHI,ORL@CHI,8:00PM EDT,10,21.8," "," "
nba.p.10106,Jett,Howard,SF,ORL,CHI,ORL@CHI,8:00PM EDT,10,5.4," "," "
nba.p.10275,Tristan,Da Silva,PF,ORL,CHI,ORL@CHI,8:00PM EDT,10,-1.0," "," "
nba.p.4897,Nikola,Vucevic,C,CHI,ORL,ORL@CHI,8:00PM EDT,35,37.6," "," "
nba.p.5324,Zach,LaVine,SF,CHI,ORL,ORL@CHI,8:00PM EDT,28,37.2," "," "
nba.p.5764,Lonzo,Ball,PG,CHI,ORL,ORL@CHI,8:00PM EDT,14,13.4,INJ," "
nba.p.5893,Torrey,Craig,PF,CHI,ORL,ORL@CHI,8:00PM EDT,10,14.4," "," "
nba.p.6043,Jevon,Carter,SG,CHI,ORL,ORL@CHI,8:00PM EDT,10,4.5," "," "
nba.p.6169,Coby,White,PG,CHI,ORL,ORL@CHI,8:00PM EDT,32,34.4," "," "
nba.p.6234,Talen,Horton-Tucker,SG,CHI,ORL,ORL@CHI,8:00PM EDT,13,1.8," "," "
nba.p.6396,Patrick,Williams,SF,CHI,ORL,ORL@CHI,8:00PM EDT,16,20.1," "," "
nba.p.6402,Jalen,Smith,C,CHI,ORL,ORL@CHI,8:00PM EDT,14,20.4,GTD," "
nba.p.6548,Josh,Giddey,SG,CHI,ORL,ORL@CHI,8:00PM EDT,27,31.6," "," "
nba.p.6555,Chris,Duarte,SF,CHI,ORL,ORL@CHI,8:00PM EDT,10,3.8," "," "
nba.p.6580,Ayo,Dosunmu,PG,CHI,ORL,ORL@CHI,8:00PM EDT,22,19.4," "," "
nba.p.6651,DJ,Steward,PG,CHI,ORL,ORL@CHI,8:00PM EDT,10,0.0," "," "
nba.p.6708,Dalen,Terry,SG,CHI,ORL,ORL@CHI,8:00PM EDT,10,5.1," "," "
nba.p.6731,E.J.,Liddell,SG,CHI,ORL,ORL@CHI,8:00PM EDT,10,2.5," "," "
nba.p.10083,Julian,Phillips,SF,CHI,ORL,ORL@CHI,8:00PM EDT,10,9.8," "," "
nba.p.10126,Adama,Sanogo,C,CHI,ORL,ORL@CHI,8:00PM EDT,10,8.6," "," "
nba.p.10265,Matas,Buzelis,SF,CHI,ORL,ORL@CHI,8:00PM EDT,12,3.8," "," "
nba.p.4913,Bojan,Bogdanovic,PF,BKN,MEM,BKN@MEM,8:00PM EDT,19,20.4,INJ," "
nba.p.5187,Dennis,Schroder,PG,BKN,MEM,BKN@MEM,8:00PM EDT,23,36.5," "," "
nba.p.5600,Ben,Simmons,PG,BKN,MEM,BKN@MEM,8:00PM EDT,25,20.3," "," "
nba.p.5693,Dorian,Finney-Smith,PF,BKN,MEM,BKN@MEM,8:00PM EDT,15,25.2," "," "
nba.p.6065,Shake,Milton,PG,BKN,MEM,BKN@MEM,8:00PM EDT,10,4.7," "," "
nba.p.6173,Cameron,Johnson,PF,BKN,MEM,BKN@MEM,8:00PM EDT,21,28.0," "," "
nba.p.6219,Nic,Claxton,C,BKN,MEM,BKN@MEM,8:00PM EDT,28,27.6,O," "
nba.p.6552,Ziaire,Williams,SF,BKN,MEM,BKN@MEM,8:00PM EDT,12,19.6," "," "
nba.p.6563,Keon,Johnson,SF,BKN,MEM,BKN@MEM,8:00PM EDT,10,1.5," "," "
nba.p.6569,Cam,Thomas,SG,BKN,MEM,BKN@MEM,8:00PM EDT,28,40.8," "," "
nba.p.6571,Day'Ron,Sharpe,C,BKN,MEM,BKN@MEM,8:00PM EDT,12,18.8,INJ," "
nba.p.6604,Trendon,Watford,PF,BKN,MEM,BKN@MEM,8:00PM EDT,10,13.5,INJ," "
nba.p.6741,Tyrese,Martin,SG,BKN,MEM,BKN@MEM,8:00PM EDT,10,0.0," "," "
nba.p.10077,Jalen,Wilson,SF,BKN,MEM,BKN@MEM,8:00PM EDT,11,14.2," "," "
nba.p.10111,Dariq,Whitehead,SF,BKN,MEM,BKN@MEM,8:00PM EDT,10,-0.8," "," "
nba.p.10121,Noah,Clowney,PF,BKN,MEM,BKN@MEM,8:00PM EDT,14,13.9," "," "
nba.p.10134,Jaylen,Martin,SF,BKN,MEM,BKN@MEM,8:00PM EDT,10,3.0," "," "
nba.p.10396,Yongxi,Cui,SG,BKN,MEM,BKN@MEM,8:00PM EDT,10,1.0," "," "
nba.p.5317,Marcus,Smart,SG,MEM,BKN,BKN@MEM,8:00PM EDT,24,19.9," "," "
nba.p.5825,Luke,Kennard,SG,MEM,BKN,BKN@MEM,8:00PM EDT,17,20.0,INJ," "
nba.p.6015,Jaren,Jackson Jr.,PF,MEM,BKN,BKN@MEM,8:00PM EDT,38,29.5," "," "
nba.p.6164,Ja,Morant,PG,MEM,BKN,BKN@MEM,8:00PM EDT,42,32.5,GTD," "
nba.p.6209,Brandon,Clarke,C,MEM,BKN,BKN@MEM,8:00PM EDT,19,9.5," "," "
nba.p.6255,John,Konchar,SF,MEM,BKN,BKN@MEM,8:00PM EDT,14,18.8,GTD," "
nba.p.6422,Desmond,Bane,SF,MEM,BKN,BKN@MEM,8:00PM EDT,38,36.8," "," "
nba.p.6572,Santi,Aldama,PF,MEM,BKN,BKN@MEM,8:00PM EDT,23,32.1," "," "
nba.p.6617,Jay,Huff,C,MEM,BKN,BKN@MEM,8:00PM EDT,10,23.5," "," "
nba.p.6709,Jake,LaRavia,PF,MEM,BKN,BKN@MEM,8:00PM EDT,15,19.3," "," "
nba.p.6737,Vince,Williams Jr.,SF,MEM,BKN,BKN@MEM,8:00PM EDT,23,24.7,INJ," "
nba.p.6757,Scotty,Pippen Jr.,PG,MEM,BKN,BKN@MEM,8:00PM EDT,19,32.4," "," "
nba.p.10070,GG,Jackson II,PF,MEM,BKN,BKN@MEM,8:00PM EDT,26,23.1,INJ," "
nba.p.10287,Zach,Edey,C,MEM,BKN,BKN@MEM,8:00PM EDT,14,15.4,GTD," "
nba.p.10327,Cam,Spencer,SG,MEM,BKN,BKN@MEM,8:00PM EDT,10,0.0,INJ," "
nba.p.10340,Jaylen,Wells,SF,MEM,BKN,BKN@MEM,8:00PM EDT,12,14.7," "," "
nba.p.10415,Yuki,Kawamura,PG,MEM,BKN,BKN@MEM,8:00PM EDT,10,0.2," "," "
nba.p.3930,Chris,Paul,PG,SA,OKC,SA@OKC,9:30PM EDT,21,20.9," "," "
nba.p.5013,Harrison,Barnes,SF,SA,OKC,SA@OKC,9:30PM EDT,15,16.8," "," "
nba.p.5823,Zach,Collins,C,SA,OKC,SA@OKC,9:30PM EDT,20,17.7," "," "
nba.p.6217,Keldon,Johnson,SF,SA,OKC,SA@OKC,9:30PM EDT,26,17.8," "," "
nba.p.6403,Devin,Vassell,SG,SA,OKC,SA@OKC,9:30PM EDT,30,32.8,INJ," "
nba.p.6433,Tre,Jones,PG,SA,OKC,SA@OKC,9:30PM EDT,20,11.7,INJ," "
nba.p.6595,Charles,Bassey,C,SA,OKC,SA@OKC,9:30PM EDT,10,8.7," "," "
nba.p.6596,Sandro,Mamukelashvili,C,SA,OKC,SA@OKC,9:30PM EDT,12,5.6," "," "
nba.p.6624,David,Duke Jr.,SF,SA,OKC,SA@OKC,9:30PM EDT,10,12.1," "," "
nba.p.6699,Jeremy,Sochan,PG,SA,OKC,SA@OKC,9:30PM EDT,22,34.3," "," "
nba.p.6710,Malaki,Branham,SG,SA,OKC,SA@OKC,9:30PM EDT,10,14.9," "," "
nba.p.6715,Blake,Wesley,PG,SA,OKC,SA@OKC,9:30PM EDT,10,8.5," "," "
nba.p.6754,Julian,Champagnie,SF,SA,OKC,SA@OKC,9:30PM EDT,15,24.2," "," "
nba.p.10051,Sidy,Cissoko,SF,SA,OKC,SA@OKC,9:30PM EDT,10,9.5," "," "
nba.p.10094,Victor,Wembanyama,PF,SA,OKC,SA@OKC,9:30PM EDT,56,42.2," "," "
nba.p.10290,Stephon,Castle,SG,SA,OKC,SA@OKC,9:30PM EDT,17,16.5," "," "
nba.p.10336,Harrison,Ingram,PF,SA,OKC,SA@OKC,9:30PM EDT,10,0.0," "," "
nba.p.10367,Riley,Minix,SF,SA,OKC,SA@OKC,9:30PM EDT,10,0.0," "," "
nba.p.5754,Alex,Caruso,SG,OKC,SA,SA@OKC,9:30PM EDT,22,17.2," "," "
nba.p.5856,Isaiah,Hartenstein,C,OKC,SA,SA@OKC,9:30PM EDT,24,26.9,INJ," "
nba.p.6022,Shai,Gilgeous-Alexander,PG,OKC,SA,SA@OKC,9:30PM EDT,55,62.2," "," "
nba.p.6076,Kenrich,Williams,PF,OKC,SA,SA@OKC,9:30PM EDT,10,11.1,INJ," "
nba.p.6254,Luguentz,Dort,SF,OKC,SA,SA@OKC,9:30PM EDT,18,16.4," "," "
nba.p.6441,Isaiah,Joe,SF,OKC,SA,SA@OKC,9:30PM EDT,15,9.1," "," "
nba.p.6597,Aaron,Wiggins,SG,OKC,SA,SA@OKC,9:30PM EDT,10,18.8," "," "
nba.p.6692,Chet,Holmgren,C,OKC,SA,SA@OKC,9:30PM EDT,38,57.4," "," "
nba.p.6701,Ousmane,Dieng,PF,OKC,SA,SA@OKC,9:30PM EDT,10,12.2," "," "
nba.p.6702,Jalen,Williams,PF,OKC,SA,SA@OKC,9:30PM EDT,35,36.7," "," "
nba.p.6724,Jaylin,Williams,C,OKC,SA,SA@OKC,9:30PM EDT,10,12.4,INJ," "
nba.p.10107,Cason,Wallace,PG,OKC,SA,SA@OKC,9:30PM EDT,10,20.4," "," "
nba.p.10244,Adam,Flagler,PG,OKC,SA,SA@OKC,9:30PM EDT,10,3.4," "," "
nba.p.10284,Dillon,Jones,SF,OKC,SA,SA@OKC,9:30PM EDT,10,1.1," "," "
nba.p.10301,Nikola,Topic,PG,OKC,SA,SA@OKC,9:30PM EDT,10,0.0,INJ," "
nba.p.10304,Ajay,Mitchell,PG,OKC,SA,SA@OKC,9:30PM EDT,10,9.2," "," "
nba.p.10343,Alex,Ducas,SF,OKC,SA,SA@OKC,9:30PM EDT,10,0.0," "," "
nba.p.10413,Alex,Reese,C,OKC,SA,SA@OKC,9:30PM EDT,10,3.2," "," "
nba.p.5161,CJ,McCollum,PG,NO,GS,NO@GS,10:00PM EDT,31,36.7," "," "
nba.p.5601,Brandon,Ingram,SG,NO,GS,NO@GS,10:00PM EDT,35,39.8," "," "
nba.p.5660,Dejounte,Murray,SG,NO,GS,NO@GS,10:00PM EDT,42,40.6,INJ," "
nba.p.5880,Daniel,Theis,C,NO,GS,NO@GS,10:00PM EDT,10,19.8," "," "
nba.p.6163,Zion,Williamson,PF,NO,GS,NO@GS,10:00PM EDT,41,38.5," "," "
nba.p.6269,Javonte,Green,PF,NO,GS,NO@GS,10:00PM EDT,16,15.0," "," "
nba.p.6559,Trey,Murphy III,SG,NO,GS,NO@GS,10:00PM EDT,25,27.7,INJ," "
nba.p.6574,Jeremiah,Robinson-Earl,C,NO,GS,NO@GS,10:00PM EDT,10,4.6," "," "
nba.p.6577,Herbert,Jones,SF,NO,GS,NO@GS,10:00PM EDT,24,16.0,GTD," "
nba.p.6593,Brandon,Boston Jr.,PG,NO,GS,NO@GS,10:00PM EDT,10,1.5," "," "
nba.p.6613,Jose,Alvarado,PG,NO,GS,NO@GS,10:00PM EDT,10,13.0," "," "
nba.p.6742,Karlo,Matkovic,PF,NO,GS,NO@GS,10:00PM EDT,10,3.9," "," "
nba.p.6801,Jamal,Cain,SF,NO,GS,NO@GS,10:00PM EDT,10,3.0," "," "
nba.p.10098,Jordan,Hawkins,SG,NO,GS,NO@GS,10:00PM EDT,13,22.7," "," "
nba.p.10220,Trey,Jemison,C,NO,GS,NO@GS,10:00PM EDT,17,18.2," "," "
nba.p.10289,Yves,Missi,C,NO,GS,NO@GS,10:00PM EDT,24,26.4," "," "
nba.p.10338,Antonio,Reeves,PG,NO,GS,NO@GS,10:00PM EDT,10,0.1," "," "
nba.p.4612,Stephen,Curry,PG,GS,NO,NO@GS,10:00PM EDT,41,38.1,INJ," "
nba.p.5069,Draymond,Green,PF,GS,NO,NO@GS,10:00PM EDT,27,19.8," "," "
nba.p.5292,Andrew,Wiggins,SF,GS,NO,NO@GS,10:00PM EDT,21,34.2,GTD," "
nba.p.5341,Kyle,Anderson,PF,GS,NO,NO@GS,10:00PM EDT,16,17.4," "," "
nba.p.5490,Kevon,Looney,C,GS,NO,NO@GS,10:00PM EDT,15,25.8," "," "
nba.p.5637,Buddy,Hield,SG,GS,NO,NO@GS,10:00PM EDT,20,32.3," "," "
nba.p.5739,Gary,Payton II,SF,GS,NO,NO@GS,10:00PM EDT,12,14.2," "," "
nba.p.6057,De'Anthony,Melton,SG,GS,NO,NO@GS,10:00PM EDT,19,15.6,INJ," "
nba.p.6549,Jonathan,Kuminga,PF,GS,NO,NO@GS,10:00PM EDT,28,20.6," "," "
nba.p.6556,Moses,Moody,SG,GS,NO,NO@GS,10:00PM EDT,13,16.4," "," "
nba.p.6687,Lindy,Waters III,SF,GS,NO,NO@GS,10:00PM EDT,10,15.1," "," "
nba.p.6745,Gui,Santos,SF,GS,NO,NO@GS,10:00PM EDT,10,2.9," "," "
nba.p.6772,Pat,Spencer,PG,GS,NO,NO@GS,10:00PM EDT,10,4.0," "," "
nba.p.10080,Trayce,Jackson-Davis,C,GS,NO,NO@GS,10:00PM EDT,18,18.3," "," "
nba.p.10115,Brandin,Podziemski,SG,GS,NO,NO@GS,10:00PM EDT,20,24.0," "," "
nba.p.10308,Quinten,Post,C,GS,NO,NO@GS,10:00PM EDT,10,0.0," "," "
nba.p.10332,Reece,Beekman,PG,GS,NO,NO@GS,10:00PM EDT,10,4.5," "," "
nba.p.5350,Jerami,Grant,PF,POR,LAC,POR@LAC,10:30PM EDT,30,38.6," "," "
nba.p.5958,Deandre,Ayton,C,POR,LAC,POR@LAC,10:30PM EDT,38,33.3," "," "
nba.p.6035,Anfernee,Simons,SG,POR,LAC,POR@LAC,10:30PM EDT,31,27.7," "," "
nba.p.6038,Robert,Williams III,C,POR,LAC,POR@LAC,10:30PM EDT,19,21.5,INJ," "
nba.p.6208,Matisse,Thybulle,SF,POR,LAC,POR@LAC,10:30PM EDT,16,16.9,INJ," "
nba.p.6401,Deni,Avdija,SF,POR,LAC,POR@LAC,10:30PM EDT,31,25.9," "," "
nba.p.6588,Dalano,Banton,PG,POR,LAC,POR@LAC,10:30PM EDT,17,3.1," "," "
nba.p.6697,Shaedon,Sharpe,SG,POR,LAC,POR@LAC,10:30PM EDT,22,27.8,INJ," "
nba.p.6730,Bryce,McGowens,SG,POR,LAC,POR@LAC,10:30PM EDT,10,9.6," "," "
nba.p.6747,Jabari,Walker,PF,POR,LAC,POR@LAC,10:30PM EDT,17,11.4," "," "
nba.p.10048,Scoot,Henderson,PG,POR,LAC,POR@LAC,10:30PM EDT,24,27.4," "," "
nba.p.10061,Justin,Minaya,SG,POR,LAC,POR@LAC,10:30PM EDT,10,6.1," "," "
nba.p.10064,Rayan,Rupert,PG,POR,LAC,POR@LAC,10:30PM EDT,11,10.1," "," "
nba.p.10065,Toumani,Camara,PF,POR,LAC,POR@LAC,10:30PM EDT,12,21.7," "," "
nba.p.10119,Kris,Murray,SG,POR,LAC,POR@LAC,10:30PM EDT,15,7.6," "," "
nba.p.10164,Duop,Reath,C,POR,LAC,POR@LAC,10:30PM EDT,12,3.5," "," "
nba.p.10234,Taze,Moore,SG,POR,LAC,POR@LAC,10:30PM EDT,10,9.5," "," "
nba.p.10285,Donovan,Clingan,C,POR,LAC,POR@LAC,10:30PM EDT,18,17.2," "," "
nba.p.4163,P.J.,Tucker,PF,LAC,POR,POR@LAC,10:30PM EDT,10,7.6,INJ," "
nba.p.4487,Nicolas,Batum,PF,LAC,POR,POR@LAC,10:30PM EDT,16,11.5," "," "
nba.p.4563,James,Harden,PG,LAC,POR,POR@LAC,10:30PM EDT,39,48.8," "," "
nba.p.4896,Kawhi,Leonard,PF,LAC,POR,POR@LAC,10:30PM EDT,43,41.8,INJ," "
nba.p.5506,Norman,Powell,SF,LAC,POR,POR@LAC,10:30PM EDT,19,31.5," "," "
nba.p.5636,Kris,Dunn,PG,LAC,POR,POR@LAC,10:30PM EDT,13,23.1," "," "
nba.p.5663,Ivica,Zubac,C,LAC,POR,POR@LAC,10:30PM EDT,26,46.6," "," "
nba.p.5747,Derrick,Jones Jr.,SF,LAC,POR,POR@LAC,10:30PM EDT,15,21.3," "," "
nba.p.6017,Mo,Bamba,C,LAC,POR,POR@LAC,10:30PM EDT,10,14.2,INJ," "
nba.p.6218,Kevin,Porter Jr.,PG,LAC,POR,POR@LAC,10:30PM EDT,12,10.7," "," "
nba.p.6236,Terance,Mann,SF,LAC,POR,POR@LAC,10:30PM EDT,15,10.8," "," "
nba.p.6315,Amir,Coffey,SG,LAC,POR,POR@LAC,10:30PM EDT,10,13.5," "," "
nba.p.6561,Kai,Jones,C,LAC,POR,POR@LAC,10:30PM EDT,10,6.3," "," "
nba.p.6568,Bones,Hyland,PG,LAC,POR,POR@LAC,10:30PM EDT,12,13.1," "," "
nba.p.10084,Jordan,Miller,SG,LAC,POR,POR@LAC,10:30PM EDT,10,2.2," "," "
nba.p.10117,Kobe,Brown,PF,LAC,POR,POR@LAC,10:30PM EDT,10,5.3," "," "
nba.p.10337,Cam,Christie,SG,LAC,POR,POR@LAC,10:30PM EDT,10,0.0," "," "
nba.p.10395,Trentyn,Flowers,SG,LAC,POR,POR@LAC,10:30PM EDT,10,0.0," "," "
